"Webhook","Company Name","Website","Source Url","New column","ICP & Value Prop Analysis","ICP","Personas","Industries","Value_Proposition"
,"NXXIM","nxxim.com","https://finance.yahoo.com/news/geneva-pe-announces-funding-launch-140700662.html",,"Response","ICP is marketers and product teams at small-to-midsize technology and software companies (including startups and growth-stage SaaS) who need to accelerate user acquisition, onboarding, and revenue through data-driven digital experiences.","Product managers and product marketing managers, Growth and performance marketers, Heads of digital/UX and CX leaders, Heads of engineering/technical leads","SaaS and software companies, E‑commerce and retail, Finance and fintech, Healthcare and digital health","Nxxim helps product, marketing, and growth teams increase conversions and accelerate product adoption by delivering data-driven personalized user experiences and rapid experimentation across digital channels. It combines analytics, A/B testing, and personalization to reduce time-to-impact and drive measurable revenue uplift."
,"Harness","harness.io","https://www.thesaasnews.com/news/harness-raises-240-million-in-series-e",,"Response","ICP is mid-to-large enterprise engineering and platform teams (DevOps, SRE, Cloud/Platform Engineering and Software Engineering organizations) at companies undergoing cloud migration or scaling CI/CD who need to accelerate delivery velocity, reduce developer toil, enforce governance/compliance, and optimize cloud costs.","developers and software engineers; DevOps and SRE/platform engineering leaders; engineering managers and directors; cloud architects and infrastructure teams; security and compliance engineers","financial services and banking; travel and airlines; hospitality; healthcare and life sciences; retail and ecommerce; SaaS and data platforms","Harness provides an AI-driven, end-to-end software delivery platform that automates CI/CD, testing, security, and cloud cost optimization so engineering and platform teams can deploy more frequently and reliably, reduce toil and failures, enforce governance, and lower cloud spend."
,"InsightX","insightx.com","https://www.thesaasnews.com/news/insightx-raises-600-million-in-series-a",,"Response","ICP is mid-market to enterprise B2B companies seeking to centralize customer and product analytics to drive growth and retention (marketing, product, and customer success teams).","marketing leaders (CMOs, VP/Director of Growth), product leaders (Chief Product Officers, Product Managers), and customer success / analytics leaders (Head of Customer Success, Head of Insights, Data Analysts).","SaaS companies, e-commerce and retail, financial services/fintech, and healthcare (digital health)","InsightX helps product, marketing, and customer teams centralize behavioral and product data into one platform to generate actionable insights that increase user activation, engagement, and retention."
,"Double","double.com","https://www.thesaasnews.com/news/double-raises-6-5-million-series-a",,"Response","ICP is early-stage founders, busy executives, and small leadership teams at startups and growing companies who need part-time, highly-vetted remote executive/operations support to offload recurring administrative, operational, and growth-support tasks without hiring full-time staff.","Founders and startup leadership; Investors and portfolio managers; Small business owners and consultants; Busy executives and teams","Startups and tech companies; Venture and investment/VC portfolio operations; Small businesses and professional services (consulting/coaching); Remote-first and distributed teams","A dedicated, highly-vetted virtual executive assistant (top ~0.7% of applicants) plus AI tooling that gets you matched and productive in days — freeing founders and executives from administrative work, reducing hiring/onboarding overhead, and allowing rapid scaling of support on flexible terms."
,"LI.FI","li.fi","https://fortune.com/2025/12/11/exclusive-crypto-startup-li-fi-raises-29-million/",,"Response","ICP is web3 builders and enterprises that need seamless cross-chain token transfers and swaps — primarily crypto wallets, self-custody providers, DeFi platforms, and marketplaces that require a single integration to access aggregated bridges, DEX aggregators and intent systems across 60+ chains.","developers and product teams and enterprise/blockchain partnerships teams","wallets and exchanges and DeFi platforms and gaming & NFTs and infrastructure & marketplaces","LI.FI provides a single API/SDK/widget that aggregates bridges, DEX aggregators and intent-systems to deliver best-price cross-chain swaps and transfers, reduce integration time and operational risk, and offer enterprise-grade SLAs and analytics for partners."
,"On Me","onme.com","https://techcrunch.com/2025/12/11/on-me-raises-6m-to-shake-up-the-gift-card-industry/",,"Response","ICP is mid-market to enterprise organizations, public institutions (like universities and transit authorities), and large employers or benefit providers who need a scalable digital gift card and prepaid benefits distribution platform to deliver targeted incentives, transit passes, and employee/staff rewards.","HR leaders and benefits managers, marketing and customer-experience leaders, procurement/operations managers, campus/student-affairs leaders (plural)","education institutions, public transit and government, corporate employers and HR/benefits, retail and fintech partners (plural)","OnMe provides a flexible, enterprise-grade digital prepaid platform that lets organizations issue, distribute, and manage gift cards, transit passes, and benefits at scale — simplifying administration, increasing uptake and engagement, and enabling measurable incentive programs."
,"Serval","serval.co","https://wtvbam.com/2025/12/11/ai-startup-serval-valued-at-1-billion-after-sequoia-led-round-to-expand-it-automation/",,"Response","ICP is mid-market and enterprise B2B technology companies (particularly SaaS vendors) seeking to improve customer onboarding, engagement, and retention by automating and instrumenting customer-facing workflows.","Customer Success Leaders and Product Managers (also Sales Leaders and Operations Directors)","SaaS companies and e-commerce platforms (also professional services and fintech)","Helps customer-facing teams automate onboarding and engagement workflows to accelerate time-to-value and reduce churn through data-driven, scalable playbooks."
,"Cheque-in","cheque-in.com","https://www.startupdaily.net/topic/funding/airwallex-kasada-hnry/",,"Response","ICP is uncertain due to inability to retrieve cheque-in.com content; likely mid-market to enterprise customers (facilities, event organizers, hotels, corporate offices) seeking digital/contactless visitor and check-in management solutions to streamline guest registration, improve security and capture data for compliance and marketing.","front-desk and reception managers, facilities and operations managers, event managers and hospitality managers","hospitalities and events, corporates and coworkings","Cheque-in.com likely offers a simple, contactless digital check-in solution that speeds guest arrivals, reduces front-desk workload, improves data capture for compliance/marketing, and enhances visitor experience."
,"Runware","runware.io","https://siliconangle.com/2025/12/11/ai-inference-startup-runware-raises-50m-make-ai-run-faster/",,"Response","ICP is SRE/DevOps teams and engineering organizations within mid-market to enterprise technology companies that need to automate operational runbooks, incident response, and routine infrastructure tasks to reduce toil and MTTR.","SREs and DevOps engineers and Engineering Managers and CTOs","technology companies and enterprise IT (including SaaS vendors and financial services/regulated enterprises)","Runware.io automates operational runbooks and incident response so engineering teams can reduce manual toil, shorten mean time to resolution (MTTR), and reliably execute operational procedures across environments."
,"Eikona","eikona.com","https://pulse2.com/eikona-5-million-seed-funding/",,"Response","ICP is mid-market to enterprise marketing and CRM/retention teams (primarily eCommerce/DTC and subscription-based businesses) and marketing technology leaders who need to scale personalized lifecycle content and creative at production quality using AI while maintaining brand safety and integration with existing marketing stacks.","Retention and CRM leaders; Lifecycle marketers; Head of Growth/CMOs; Creative directors and marketing operations/MarTech leads; Product and data science leaders supporting personalization (e.g., Head of Product, ML/AI leads).","Retail & DTC; E-commerce and subscription commerce; Telecom & Media; Entertainment & Sports; Travel & Hospitality; Financial services & Insurance; Healthcare services (consumer-facing healthcare).","Eikona automates generation and continuous A/B/RL-driven optimization of on‑brand, production‑grade marketing creative at scale—delivering double-digit uplifts in lifecycle metrics while preserving brand safety and plugging into existing Martech stacks."
,"Solon Biotech","solonbiotech.com","https://www.crainscleveland.com/technology/solons-locus-solutions-marks-40-million-capital-raised-2025",,"Response","ICP is life-science and biotechnology organizations (startups to mid-size companies and academic translational groups) who need specialized drug-discovery, translational development, or biologics/assay development support to move programs from R&D into preclinical/clinical stages.","R&D Directors and Translational Scientists and Head(s) of Development","biotechnology companies and pharmaceutical companies","Solon Biotech helps life‑science teams accelerate translational development and de‑risk early drug/biologics programs by providing expert scientific development services (assay development, preclinical/analytical support, and program execution) so internal teams can progress candidates faster without building all capabilities in‑house."
,"Revibe","revibe.co","https://www.techinafrica.com/revibe-secures-17-million-in-series-a-to-expand-refurbished-electronics-marketplace-across-africa-and-gcc/",,"Response","ICP is small-to-medium B2B and B2C companies (especially SaaS and e-commerce) that struggle with user retention and need automated, personalized re‑engagement workflows to revive dormant customers and increase lifetime value.","marketing leaders and customer success leaders","e-commerces and SaaS companies","Revibe provides automated, personalized re-engagement campaigns that revive dormant users and increase customer lifetime value with minimal setup."
,"Saladin","saladin.ai","https://asiatechdaily.com/saladins-series-a-signals-new-phase-for-vietnams-digital-insurance-market/",,"Response","ICP is mid-market to enterprise B2B technology companies (especially SaaS) and high-growth startups that rely on outbound and account-based sales — teams seeking to scale revenue operations, sales development, and marketing automation with AI-driven tooling.","Sales development representatives and account executives, sales managers and heads of revenue (including CROs/VPs of Sales), revenue operations and sales enablement professionals, and marketing managers supporting ABM and demand-gen programs.","B2B SaaS companies and technology vendors; also professional services and high-volume B2B e-commerce organizations that run outbound/ABM programs.","Provides AI-driven automation to generate personalized sales outreach and content at scale, streamlining SDR/AE workflows and improving pipeline velocity and conversion; reduces manual work for revenue teams and increases predictable, data-driven pipeline growth."
,"Trendtracker","trendtracker.com","https://pulse2.com/trendtracker-7-million-series-a/",,"Response","ICP is mid-to-large enterprises (enterprise and enterprise-scale business units) that need continuous trend and foresight intelligence to inform product innovation, strategic planning, and market/consumer insights.","insight teams and strategy/innovation teams","consumer packaged goods and food & beverage, banking and insurance, industrial/technology and consulting, media and publishing","Trendtracker provides AI-powered, continuous trend detection and theme monitoring that turns dispersed signals into actionable insight—helping innovation, strategy, and insights teams shorten time-to-insight and make repeatable, evidence-based decisions."
,"Sequence","sequence.com","https://techfundingnews.com/sequence-20m-series-a-ai-revenue-agents/",,"Response","Unable to determine — could not retrieve content from sequence.com","Unable to determine — no accessible data to identify target personas","Unable to determine — no accessible data to identify target industries","Unable to determine — website content unavailable for analysis"
,"Valerie Health","valeriehealth.com","https://fortune.com/2025/12/16/valerie-health-raises-30-million-series-a-to-scale-ai-front-offices-for-physicians/",,"Response","ICP is independent provider groups and multi‑clinic medical practices (especially specialty groups) that need to modernize and automate front‑office workflows.","practice administrators and referral coordinators","independent medical groups and specialty outpatient clinics","Valerie Health provides an AI‑driven front office that automates referrals, scheduling, and related admin work to cut hours and costs while increasing same‑day bookings and new‑patient volume."
,"Adaptive Security","adaptive-security.com","https://www.prnewswire.com/news-releases/adaptive-security-raises-81-million-series-b-to-stop-ai-powered-cyber-threats-302643174.html",,"Response","ICP is unknown from the live site (the site is a ""Launching Soon"" placeholder). Based on the company name and typical market positioning for firms called ""Adaptive Security,"" a reasonable inferred ICP would be mid-market to enterprise organizations that need advanced, adaptive cybersecurity — especially those with distributed IT environments, significant threat exposure, or regulatory/compliance requirements (e.g., finance, healthcare, critical infrastructure, and government).","Target personas (inferred): Chief Information Security Officers (CISOs) and security leadership; Security Architects and Engineering leads; IT Operations and Infrastructure Managers; SOC Analysts and Incident Response Leads; Compliance/Risk Officers.","Target industries (inferred): financial services and banking, healthcare and life sciences, government and public sector, critical infrastructure and utilities, and large enterprise technology/telecom.","Value Prop (inferred): Provide adaptive, threat-aware security solutions that continuously adjust defenses to evolving threats and reduce breach risk while simplifying detection and response for security teams."
,"Smart Joules","smartjoules.com","https://startupstorymedia.com/indian-energy-provider-smart-joules-secures-10m-series-b/",,"Response","ICP is mid-to-large commercial and industrial energy consumers (manufacturing plants, food & beverage, pharma, logistics/warehouses, large commercial buildings) seeking to reduce energy costs and carbon emissions through operational energy optimization and demand-side flexibility.","title 1 and title 2","manufacturings and food & beverages","AI-driven energy optimization and demand response that cuts electricity bills and decarbonizes operations while providing measurable, often contract-backed savings."
,"Verisoul","verisoul.com","https://www.thesaasnews.com/news/verisoul-raises-8-8-million-series-a",,"Response","ICP is mid-market and high-growth digital platforms (primarily SaaS companies and consumer-facing online services) that experience high volumes of user sign-ups and engagement and need to prevent fake accounts, fraud, and abuse while minimizing friction for legitimate users.","title 1 and title 2","Software & SaaS and Marketplaces & Consumer Platforms","Verisoul provides an AI-driven, real-time fraud and fake-account detection platform that automates investigations and decisioning to prevent abuse, reduce fraudulent costs, and recover legitimate ARR with minimal integration effort and low user friction."
,"Fluency","fluency.com","https://www.thesaasnews.com/news/fluency-raises-40-million-in-series-a",,"Response","ICP is mid-market to enterprise B2B companies (sales and marketing teams) seeking automated conversational AI solutions to scale customer engagement, onboarding, and education.","Product managers and Customer Success managers and Sales leaders and Marketing leaders","SaaS and Financial Services and Healthcare and eCommerce","Fluency provides AI conversational automation that enables teams to scale personalized customer interactions, reduce manual workload, accelerate onboarding, and improve conversion and retention through measurable conversation analytics."
,"Echo","echo.com","https://www.thesaasnews.com/news/echo-raises-35-million-series-a",,"Response","ICP is small-to-midsize businesses and e-commerce-first brands that need a direct-to-consumer (DTC) commerce platform to sell products and monetize audiences online, including subscription and recurring-revenue models.","ecommerce managers and founders; marketing leaders and growth leads; head of subscriptions and product managers; creators and community owners","consumer goods and retail; direct-to-consumer (DTC) brands and e-commerce; creator economy and digital media; subscription services and membership-based businesses","Echo provides an all-in-one commerce platform that lets DTC brands and creators launch stores, sell subscriptions, and monetize audiences faster and with less engineering overhead; it emphasizes simplicity, recurring-revenue growth, and integration with modern payments and workflows."
,"Logpresso","logpresso.com","https://en.wowtale.net/2025/12/17/233086/",,"Response","ICP is mid-to-large enterprises and security-conscious organizations (enterprises with significant IT infrastructure and regulatory/compliance needs) that require scalable, real-time log management, threat detection, and incident response capabilities across cloud, on-premises, and hybrid environments.","Security analysts and SOC teams, IT operations and platform engineers, CISOs and security leadership, compliance/risk managers","financial services and banking, telecommunications and internet service providers, government and public sector, e-commerce and online services, enterprise IT and managed service providers","Logpresso provides a high-performance, scalable log collection and analytics platform that enables rapid, real-time search and detection to speed incident investigation and satisfy compliance requirements. It promises lower time-to-detection and flexible deployment (on-premises or cloud) for organizations handling large log volumes."
,"Ankar","ankar.com","https://www.thesaasnews.com/news/ankar-raises-20-million-in-series-a",,"Response","ICP is small-to-midsize technology and product-focused companies (startups and scale-ups) that need external digital product, UX/design and engineering expertise to accelerate product development and go-to-market.","Product leaders and engineering leaders (Heads of Product, VP/Product, CTOs, Directors of Engineering)","technology companies and professional services","Ankar helps product and engineering leaders accelerate delivery of user-centered digital products by providing integrated UX, design and engineering teams that slot into existing organizations to speed product development and reduce time-to-market."
,"Magma","magma.io","https://www.bwdisrupt.com/article/industrial-b2b-platform-magma-closes-series-a-to-scale-manufacturing-operations-nationwide-584123",,"Response","ICP is engineering-led product teams (startup and scaleup AI/SaaS companies) building LLM and retrieval-augmented applications who need managed infrastructure to deploy embeddings, vector search, and real-time data connectors.","software engineers and product managers (also devops/ML engineers and CTOs)","technology and SaaS (also enterprise software and data-driven services)","Provide a managed, production-ready platform for embeddings, vector search, and data connectors so engineering teams can ship retrieval-augmented and LLM-powered features faster and more reliably."
,"Roamless","roamless.com","https://www.thefastmode.com/investments-and-expansions/46500-roamless-closes-12m-series-a-aims-to-revolutionize-esim-travel-experience",,"Response","ICP is mid-to-high-frequency international travellers (leisure and business), digital nomads and SMBs who need reliable, simple, and cost‑effective global mobile connectivity (prepaid eSIM data and calling) across 200+ countries, plus travel platforms and partners (OTAs, telco partners) who want to white‑label or integrate eSIM services.","frequent leisure travellers and business travellers; digital nomads and remote workers; small-to-medium travel and tech partnership managers (product/partnership leads)","travel & hospitality and technology/telecommunications (connectivity platforms)","Roamless provides a single, easy-to-use eSIM app with prepaid and pay‑as‑you‑go plans offering fast, reliable mobile data in 200+ destinations so travellers and partners can stay connected without SIM swaps, hidden roaming fees, or complex contracts."
,"Pryzm","pryzm.com","https://www.thesaasnews.com/news/pryzm-secures-12-2-million-in-seed-round",,"Response","Unable to determine from available web search results","Unknown","Unknown","Unknown"
,"Gambit Cyber","gambitcyber.com","https://www.thesaasnews.com/news/gambit-cyber-raises-3-4-million-in-seed-round",,"Response","ICP is mid-market to enterprise organizations (50-5000+ employees) with mature security programs seeking continuous validation of security controls and reduction of cyber risk.","CISOs and security leadership and Security operations and engineering teams (SOC managers, security engineers, vulnerability management leads).","Financial services and healthcare and technology and retail (regulated and high-risk industries).","Provides automated, continuous adversary-aligned attack simulation and validation so security teams can prioritize fixes, prove program effectiveness, and reduce breach risk with measurable evidence."
,"Punto Health","puntohealth.com","https://www.thesaasnews.com/news/punto-health-raises-2-7-million-seed-round",,"Response","ICP is mid-sized to large healthcare organizations — including health plans, provider groups, and community clinics — that need digital patient engagement, care coordination, and population-health tools to improve outcomes and lower utilization, especially for diverse and underserved patient populations.","Care managers and population health leaders and patient engagement managers and operations leaders","Healthcare providers and Health plans","A digital patient-engagement and care-navigation platform that helps health plans and provider organizations proactively reach the right patients, close care gaps, improve outcomes, and reduce costs through automated, multilingual outreach and coordinated care workflows."
,"Mirelo","mirelo.com","https://www.thesaasnews.com/news/mirelo-raises-41-million-seed-round",,"Response","ICP is small-to-mid sized video and media product teams, content creators, and app developers (SaaS/mobile) who need fast, AI-generated synced sound effects and music to enhance video content at scale.","Content creators and multimedia producers; Product managers and engineering teams at apps/SaaS companies; Creative directors and sound designers at studios; Partnerships/managers at platforms looking to integrate audio features.","Video & media production; Social & creator platforms; Mobile apps & SaaS (user-generated video); Games, AR/VR & advertising (media/creative agencies).","Mirelo provides instant, AI-generated, automatically-synced sound effects and music (via Studio and API) so creators and product teams can add high-quality, context-aware audio to videos at scale without manual sound design. It speeds production, improves engagement, and can be integrated into apps via API and model fine-tuning."
,"Arcads.ai","arcads.ai","https://www.thesaasnews.com/news/arcads-ai-raises-16-million-seed-round",,"Response","ICP is small-to-midsize e-commerce and direct-to-consumer (D2C) brands and digital marketing teams at startups and growth-stage companies that need scalable, high-converting ad creative and copy using AI to reduce production time and cost.","Performance marketers and growth marketers; marketing managers and CMOs at SMBs and startups; paid social/ad specialists and creative leads.","E-commerce and direct-to-consumer brands; digital advertising and marketing agencies; SaaS/tech startups focused on growth.","Arcads.ai automates generation of ad creatives and copy at scale, enabling marketing teams to produce many high-quality variations rapidly to improve ad performance and lower production costs."
,"Lynk","lynkfit.com","https://www.thesaasnews.com/news/lynk-closes-pre-seed-round",,"Response","ICP is uncertain due to lack of accessible public content; assumed B2B and B2C hybrid focused on fitness businesses and fitness professionals who need a technology/marketplace solution to distribute classes, bookings, or on-demand training.","Fitness business owners and operators and Fitness professionals and instructors","Fitness and wellness businesses and Digital fitness / health technology platforms","Provides fitness businesses and instructors an easy way to publish, manage, and distribute classes and training content to customers (in-person or remotely), increasing reach, bookings, and recurring revenue."
,"BoodleBox","boodlebox.com","https://www.thesaasnews.com/news/boodlebox-raises-5-million-seed-funding",,"Response","ICP is higher-education institutions and teams (colleges, universities, and their departments) plus mid-to-large organizations/enterprises that need a secure, collaborative, cost-efficient private generative-AI platform.","educators and instructional designers, IT administrators and campus leaders, enterprise product/operations managers and knowledge managers","higher education institutions and enterprises (corporate teams)","BoodleBox offers institutions and teams a secure, privacy-respecting, collaborative AI platform that integrates existing knowledge and systems to create custom AI assistants (bots) while dramatically lowering usage costs and simplifying deployment for non-technical users."
,"Dux","dux.io","https://www.thesaasnews.com/news/dux-raises-9-million-in-seed-funding",,"Response","ICP is mid-to-large enterprise security organizations (companies with substantial digital assets and complex attack surfaces) that have dedicated security leadership (CISO/CSO) and vulnerability/exposure management teams but are resource-constrained and need to prioritize and accelerate remediation across distributed environments.","CISOs and CSOs, vulnerability/exposure managers and engineers, security operations leaders, remediation/patching engineers","enterprise technology and software companies, financial services and mortgage/lending, healthcare and provider networks (including veterinary/health-related firms), and other large regulated enterprises with significant attack surfaces","Dux uses AI-driven exploitability analysis and agentic remediation to surface which vulnerabilities actually put the organization at risk and accelerate remediation, enabling security teams to focus scarce resources on fixes that deliver real reduction in exposure and reach full protection at machine speed."
,"Maximum Information","maximuminformation.com","https://www.reinsurancene.ws/maximum-information-raises-2-3m-in-seed-round-led-by-insurtech-gateway/",,"Response","ICP is mid-to-large insurance and reinsurance firms, catastrophe risk teams in insurers and brokers, government and resilience agencies, and analytics-driven organisations that need vendor-agnostic catastrophe-model outputs and decision-ready risk insights.","catastrophe risk analysts and modelers, risk managers and chief risk officers, data/analytics engineers and analytics managers, public-sector resilience planners and researchers","insurances and reinsurance companies, insurtech and risk analytics providers, public-sector disaster resilience and emergency management, academia and climate/science research organisations","MagniPhi and associated tools automate extraction and standardisation of catastrophe-model outputs (vendor-agnostic), speeding analytics, enabling reliable, auditable views of risk, and powering decisions across insurance, resilience planning and research. They turn complex model outputs into operational insights and workflows for analysts and decision-makers."
,"Mindoo","mindoo.com","https://www.thesaasnews.com/news/mindoo-raises-5-million-in-seed-funding",,"Response","ICP is healthcare organizations (hospitals, clinics, home health providers) and clinical operations teams in mid-market to enterprise-sized health systems seeking to deploy AI-driven, agentic workflow automation to reduce clinician administrative burden and scale care coordination.","clinicians and healthcare operations leaders","healthcare providers and health‑tech companies","Mindoo provides agentic AI workflows that automate routine clinical and administrative tasks so care teams can deliver higher-quality care at scale while reducing clinician burnout and operational friction."
,"Lovable","lovable.com","https://techcrunch.com/2025/12/18/vibe-coding-startup-lovable-raises-330m-at-a-6-6b-valuation/",,"Response","ICP is mid-market and growth-stage direct-to-consumer (DTC) and ecommerce brands—typically Shopify/Shopify Plus merchants or retailers doing $5M–$100M+ in revenue—seeking outsourced growth and full-funnel marketing capabilities to scale acquisition and increase lifetime value.","Heads of Marketing and Chief Marketing Officers (CMOs), Ecommerce Directors and VP/Directors of Growth, Founders/CEOs of DTC brands, and Performance/Acquisition Managers (paid/social managers).","ecommerce retailers and direct-to-consumer (DTC) brands","Lovable provides end-to-end growth marketing and commerce design for ecommerce brands—combining creative, paid acquisition, conversion rate optimization, and brand strategy—to rapidly increase revenue, ROAS, and customer lifetime value for mid-market and growth-stage merchants."
,"Last Energy","lastenergy.com","https://techcrunch.com/2025/12/16/nuclear-startup-last-energy-raises-100m-for-its-steel-encased-micro-reactor/",,"Response","ICP is large energy-intensive organizations and infrastructure developers seeking reliable, low-carbon, on-site or near-site baseload power (customers who need predictable, scalable, long‑duration electricity and heat) — e.g., data center operators, industrial manufacturers, mining operations, campuses, and utilities/municipalities looking for distributed low‑carbon generation.","C-suite and energy/facility leaders",,"Last Energy provides scalable, quickly-deployable small modular nuclear plants (SMRs) that deliver low‑cost, carbon‑free baseload power and process heat to enable customers to meet reliability, cost and decarbonization goals."
,"Radiant Nuclear","radiantnuclear.com","https://techcrunch.com/2025/12/17/radiant-nuclear-raises-300m-for-its-semi-sized-1-mw-reactor/",,"Response","ICP is organizations that require reliable, on-demand, off-grid or remote power replacement for diesel generators — including government/military units, disaster response and humanitarian agencies, remote industrial operators, utilities seeking resilient backup capacity, and critical infrastructure operators.","energy procurement and operations teams, infrastructure and facilities managers, government/military procurement officers, emergency/resilience planners, and C-suite decision makers (CTOs/COOs) at remote-industrial and utility companies.","remote energy and utilities, defense and government, disaster response and humanitarian aid, mining and resource extraction, telecommunications and data centers, and heavy industry/manufacturing.","Radiant offers a compact, factory-produced nuclear microreactor that replaces diesel generators with long-duration, portable, zero-emission power — delivering resilient, low‑logistics electricity to remote sites and critical infrastructure."
,"PolyAI","poly.ai","https://www.forbes.com/sites/iainmartin/2025/12/15/polyai-raises-86-million-as-fight-to-answer-calls-with-ai-heats-up/",,"Response","ICP is mid-to-large enterprise customer service organizations (contact centers) in customer-facing companies that need scalable, 24/7 voice and conversational automation — typically companies with high inbound voice volume, complex transactional flows (bookings, billing, authentication, order management) and a priority to reduce operating costs while maintaining or improving CX.","Target personas: contact center leaders and directors, heads/VPs of customer experience (CX) and operations, CIOs/VPs of digital transformation, and product owners for customer support/automation",,"PolyAI provides lifelike, fully automated voice conversational agents that resolve a meaningful percent of inbound calls (reducing abandonment and labor hours), enable 24/7 scalable support for complex transactions, and improve customer experience metrics while lowering contact center costs."
,"NuclearStartupLast","","https://www.bloomberg.com/news/articles/2025-12-16/nuclear-startup-last-raises-100-million-to-build-small-reactor",,,,,,
,"Cyera","cyera.io","https://www.wsj.com/tech/ai/blackstone-leads-400-million-investment-in-cyber-startup-cyera-a6b74b91",,"Response","ICP is mid-to-large enterprises and global organizations with extensive cloud and hybrid data footprints that need centralized discovery, classification, risk assessment, and protection of sensitive data across cloud storage, SaaS, and data platforms.","CISOs and Security Leaders, Cloud Security and Data Security Engineers, Compliance/Privacy Officers, DevOps/DevSecOps leaders","retail and pharmaceuticals and healthcare and financial services and technology and manufacturing","Cyera delivers automated, cloud-native data discovery, classification, and risk assessment so security and compliance teams can quickly find sensitive data, prioritize exposure and access risk, and remediate to reduce breaches and meet regulatory requirements."
,"Mythic","mythic.ai","https://www.bloomberg.com/news/articles/2025-12-17/ai-chip-startup-mythic-raises-125-million-in-bid-to-take-on-nvidia",,"Response","ICP is companies building and deploying high-performance, power- and cost-constrained edge AI systems — including device OEMs and system integrators in industries requiring real‑time, on‑device inference (e.g., smart cameras, robotics, autonomous vehicles, drones, defense systems, industrial automation, and AR/VR).","hardware architects and ML engineers","automotive and robotics","Mythic delivers analog compute‑in‑memory APUs and a toolchain that enable orders‑of‑magnitude lower power and cost for on‑device AI inference, letting product teams run large, high‑resolution, high‑frame‑rate models (and now LLMs) locally to meet latency, bandwidth, privacy and energy constraints."
,"SUNY","suny.edu","https://www.suny.edu/suny-news/press-releases/12-25/12-17-25/taf.html",,"Response","ICP is prospective and current students (undergraduate, graduate, and continuing education), institutional partners (K–12 schools, community colleges, employers, and government agencies), and adult/working learners seeking affordable, career-oriented education and training.","prospective students and adult learners; academic administrators and faculty; employer and workforce-development leaders; K–12 counselors and transfer advisors","higher education institutions and academic services; workforce development and public-sector partners; healthcare and STEM research and innovation; continuing professional education and training","SUNY offers accessible, affordable, and career-aligned education across a broad set of campuses and online programs, with strong transfer pathways and employer partnerships that prepare students for jobs and support regional workforce and economic needs."
,"SCALE AI","scale.com","https://www.canadianmanufacturing.com/manufacturing/scale-ai-announces-funding-round-of-nearly-129m-for-ai-projects-across-canada-314861/",,"Response","ICP is mid-market to enterprise AI/ML engineering and data teams building production machine learning systems that require large-scale, high-quality labeled data and data infrastructure to train, validate, and deploy models reliably.","Machine Learning Engineers and Data Scientists; Head of AI / VP of ML / CTO; Product Managers for AI products; Data Operations / ML Ops leads","autonomous vehicles & robotics; mapping & geospatial; e-commerce & retail; logistics & transportation; government & defense; life sciences & healthcare","Scale provides a scalable, secure data-labeling platform (human-in-the-loop + automation) and data infrastructure that delivers high-quality training and validation data to accelerate model development and reduce time-to-production while maintaining accuracy and compliance."
,"Cami","cami.com","https://windsorstar.com/news/local-news/federal-loans-boost-three-regional-manufacturers-as-cami-plant-sits-idle",,"Response","ICP is mid-market to enterprise retail and consumer goods companies seeking integrated point-of-sale (POS), self-checkout, payment and analytics solutions to modernize store operations, reduce checkout friction, and gain actionable sales and operational insights.","Retail IT and systems managers and Retail operations and store managers","retailers and consumer goods","Provides integrated, customizable in-store POS and self-checkout software plus analytics so retail operators can streamline checkout, reduce labor/friction, and get actionable operational and sales insights."
,"Katonah American Legion Post","","https://www.nysenate.gov/newsroom/press-releases/2025/pete-harckham/harckham-announces-funding-katonah-american-legion-post",,,,,,
,"Google","google.com","https://www.newsbytesapp.com/news/science/google-invests-8m-in-ai-research-centers-across-india/story",,"Response","ICP is broad: global consumers and organizations seeking information, advertisers and marketers looking to reach audiences, and businesses/technology leaders seeking cloud infrastructure, AI/ML, productivity and advertising solutions.","marketers and advertisers; developers and engineers; IT administrators and platform architects; business leaders and product managers; content creators and publishers","technology and software; retail and e-commerce; media and entertainment; finance and banking; healthcare and life sciences; education and government","Google.com (and Google's product ecosystem) delivers instant, highly relevant information to users while offering businesses scalable tools to find and engage audiences, build and operate modern applications (cloud and AI), and measure performance — enabling faster discovery, growth, and operational efficiency."
,"GravityLabs","gravitylabs.com","https://www.thesaasnews.com/news/gravitylabs-secures-17-million-in-series-a",,"Response","ICP is mid-market to enterprise B2B companies (growth-stage SaaS and established enterprises) looking for digital transformation, analytics-driven product growth, and sales/marketing enablement.","Product and Engineering leaders (CTOs, Heads of Product, Product Managers) and Commercial/Go-to-Market leaders (VPs/Heads of Marketing and Sales, Revenue Operations)","technology companies and professional services companies",
,"MoEngage","moengage.com","https://yourstory.com/2025/12/weekly-funding-roundup-dec-13-19-moengage-provides-boost-vc-inflow",,"Response","ICP is mid-market to enterprise digital-first and mobile-first consumer brands (e-commerce, retail, travel, financial services/fintech, media/entertainment, telco and large consumer packaged goods) that need an insights-led, cross-channel customer engagement and automation platform to improve retention, conversion and lifetime value. These customers typically have sizable user bases, product and marketing teams investing in personalization, and engineering or analytics capacity to instrument user events.","title 1 and title 2","target 1 and target 2","MoEngage provides an insights-led, cross-channel customer engagement platform that enables marketers and product teams to orchestrate personalized journeys, automate lifecycle campaigns, and optimize retention and conversion through analytics-driven segmentation and messaging."
,"Resolve AI","resolve.ai","https://www.findarticles.com/resolve-ai-hits-1-billion-valuation-in-series-a/",,"Response","ICP is mid-to-large technology-driven companies (SaaS, marketplaces, cloud-native platforms, and digital service providers) with production engineering, SRE, and DevOps teams responsible for uptime, incident response, and cloud cost management.","title 1 and title 2","target 1 and target 2","Resolve.ai provides an agentic AI platform that automates incident detection, root-cause analysis, remediation, and cloud cost optimization—reducing MTTR, on-call load, and operational costs while giving engineers contextualized production insights."
,"Galatek","galatek.com","https://www.thesaasnews.com/news/galatek-raises-30-million-in-series-a",,"Response","ICP is medium-to-large manufacturing companies and industrial OEMs seeking custom production equipment, painting and surface treatment lines, and integrated plant solutions to improve production efficiency and asset integrity.","plant managers and production engineers and procurement managers and maintenance/operations managers","manufacturing industries and surface treatment and paint finishing and metalworking and industrial maintenance","Galatek delivers custom, European‑standard production machines and complete plant solutions (including painting and surface treatment lines) that increase production reliability, reduce maintenance burden, and meet customers' specific process requirements."
,"FINNY","finny.com","https://www.thesaasnews.com/news/finny-raises-17-million-series-a",,"Response","ICP is independent and institutional financial advisory firms (RIAs), wealth managers, and independent financial advisors at small-to-medium sized advisory firms who need predictable, scalable organic client acquisition — particularly advisors focused on AUM growth and client lifecycle/wealth event-based prospecting.","financial advisors and wealth managers; RIA founders/CEOs and growth/marketing leaders at advisory firms","financial advisory firms and wealth management firms","FINNY uses AI to surface, score (F-Score), and automate outreach to high-potential prospects (catching ""money in motion""), turning hours of manual prospecting into minutes so advisors can scale organic growth and close more clients."
,"Olea","olea.com","https://www.fintechfutures.com/venture-capital-funding/olea-secures-30m-in-series-a-funding-round-led-by-bbva",,"Response","ICP is mid-market to enterprise organizations that deploy customer-facing self-service kiosks and interactive hardware—brands and venue operators (retail chains, stadiums, casinos, healthcare systems, and hospitality/foodservice companies) seeking custom or OEM kiosk design, manufacturing, and integration to improve customer experience and operational efficiency.","operations managers and IT/technology leaders","retailers and hospitality providers","Olea designs and manufactures durable, American-made custom and standard kiosks (including OEM manufacturing) that accelerate deployments, improve customer experiences, increase revenue capture (payments, loyalty), and reduce labor/operational friction for large consumer-facing organizations."
,"PowerUp Money","powerupmoney.com","https://www.bwdisrupt.com/article/powerup-money-raises-series-a-to-scale-zero-commission-mutual-fund-advisory-platform-584496",,"Response","ICP is small to mid-sized businesses and startups looking to improve financial operations and revenue growth through integrated payment, onboarding, and financial automation solutions.","Founders and Co-founders and Heads of Finance and CFOs and Heads of Revenue and Product Managers","SaaS companies and E-commerce businesses and Fintech platforms and Marketplaces","PowerUp Money helps product and finance leaders increase revenue capture and reduce friction by integrating payments, digital onboarding and financial automation into existing products—delivering faster transactions, higher conversion, and simpler reconciliation."
,"Chai Discovery","chaidiscovery.com","https://born2invest.com/articles/chai-discovery-ai-driven-drug-design/",,"Response","ICP is mid-to-large biotech and pharmaceutical companies, and research institutions that need AI-driven molecular design and discovery capabilities to accelerate therapeutic (especially antibody and protein) development.","title 1 and title 2","pharmaceuticals and biotechs and research institutions and contract research organizations","Chai Discovery provides foundation AI models and tools to predict molecular interactions and design de novo antibodies and protein therapeutics, enabling R&D teams to shorten discovery timelines, increase hit/success rates, and reduce wet-lab costs."
,"Finalis","finalis.com","https://www.fintechfutures.com/venture-capital-funding/us-fintech-funding-round-up-finalis-quiltt-and-realfinity",,"Response","ICP is mid-market to enterprise financial teams and executives at companies undergoing M&A activity or complex financial reporting needs, seeking to streamline financial close, reporting, and deal communications.","CFOs and finance leadership, Corporate development and M&A teams, Investor relations and FP&A teams","Financial services and fintechs, Private equity & investment firms, Technology and SaaS companies, M&A-active industries (corporate buyers and sell-side advisors)","Finalis centralizes and automates preparation and delivery of financial and deal materials so finance, M&A and investor-relations teams can produce consistent, auditable, and on-brand reports faster — reducing manual work and accelerating transactions and reporting cycles."
,"Cordulus","cordulus.com","https://www.thesaasnews.com/news/cordulus-raises-6-8-million-in-series-a",,"Response","ICP is medium-to-large organizations and operational teams that require hyperlocal, reliable weather and environmental data to make tactical field decisions — primarily farm operations, construction sites, and municipal/road maintenance departments that need on-site sensors and an easy-to-use app to reduce weather-related risk and operational costs.","farm managers and agronomists; construction project managers and site supervisors; municipal road maintenance managers and operations planners; fleet/snow-removal supervisors","agricultures and constructions; municipal road maintenance and public works; transportation and fleet services","Cordulus delivers hyperlocal, sensor-driven weather, soil and surface condition data through dedicated apps so operational teams can make safer, timelier, and more cost-effective decisions — reducing delays, avoiding over- or under-treatment (e.g., sowing, salting), and improving ROI."
,"Digicust","digicust.com","https://www.thesaasnews.com/news/digicust-raises-2-3-million-in-funding",,"Response","ICP is small-to-medium freight forwarders, logistics providers, and international trade teams within companies that handle high volumes of customs declarations and need to automate and modernize their customs processing workflows.","Operations managers and customs specialists in logistics and forwarding companies; Head of IT / automation and digital transformation leaders at freight forwarders and import/export teams; Compliance and trade specialists responsible for customs accuracy and regulatory adherence.","logistics providers and freight forwarders; import/export trading and supply chain companies; customs brokerage and forwarding networks; manufacturing and retail companies with significant cross-border operations.","Digicust delivers AI-powered customs automation (AI agents + intelligent document processing) that reduces declaration processing time up to ~90%, automates large volumes of declarations (100k+), and improves accuracy (98%+)—enabling faster, cheaper, and more compliant customs operations for logistics and trade teams."
,"Smartling","https://www.smartling.com","https://getlatka.com/blog/how-smartling-achieved-substantial-revenue-growth-insights-from-ceo-jack-weldy/",,"Response","ICP is mid-to-large enterprise organizations (SaaS, e-commerce, travel, finance, and enterprises with global customers) that produce regular digital content and need to scale localization across websites, apps, marketing, and product content—typically localization/content/marketing teams and engineering teams responsible for internationalization.","Localization managers and translation program leads; Marketing and Content managers; Product managers and Engineers (platform/engineering leads); Global expansion/International growth leaders.","Technology and SaaS companies; e-commerce and retail; Travel and hospitality; Financial services; Life sciences/Healthcare (enterprises with regulatory/localization needs).","Smartling provides an enterprise-grade, automated localization platform that centralizes translation workflows, integrates with CMS/dev stacks, and uses automation and linguistic quality management to accelerate time-to-market and improve translation quality while reducing manual effort and cost."
,"Endra","https://endra.com","https://www.thesaasnews.com/news/endra-raises-20-million-in-seed-round",,"Response","ICP is mid-to-large manufacturers and logistics operators (enterprise and industrial customers) responsible for end-of-line packaging, palletizing and transport protection who need reliable, automated, and sustainable load containment solutions to reduce cost, increase throughput, and protect product integrity.","Packaging engineers and operations managers, supply chain/logistics managers and procurement teams, automation/engineering leads and sustainability managers","metals and corrugated/paper; food and beverage; pharmaceuticals and general manufacturing; logistics & e-commerce and wood/textile/construction sectors","Endra (Signode) provides integrated end-of-line packaging systems — automated strapping, wrapping, unitizing and protective solutions — that increase load integrity, streamline operations, lower total cost of transport, and support sustainability goals for high-volume industrial and logistics operations."
,"Relik","https://relik.io","https://www.thesaasnews.com/news/relik-closes-seed-funding-round",,"Response","Unable to determine (site content could not be fetched)","Unknown (no data)","Unknown (no data)","Unknown (no data)"
,"InfiniteWatch","https://infinitewatch.com","https://www.thesaasnews.com/news/infinitewatch-raises-4-million-pre-seed",,"Response","ICP is mobile app and digital product teams at growth-stage technology companies (startups to mid-market) that need to improve user engagement, retention, and monetization through data-driven insights.","product managers and growth/marketing managers","mobile apps and SaaS products","Provides real-time, actionable product analytics and growth insights enabling product and growth teams to quickly identify user friction, optimize funnels, and increase retention and revenue."
,"Thread","https://www.thread.com","https://www.thesaasnews.com/news/thread-raises-18-million-growth-equity",,"Response","ICP is mid-market and enterprise fashion retailers / e-commerce apparel brands and direct-to-consumer shoppers who want personalized styling — specifically retail partners (e.g., department stores and large apparel brands) looking to add AI-driven personal styling and data-driven merchandising, and online shoppers (men and women) seeking convenient, personalized outfit recommendations.","consumers (male and female shoppers seeking styling help) and retail product/commerce leaders (head of e‑commerce, head of personalization, head of digital/merchandising) and stylists/creative leads.","retailers (apparel & fashion) and e-commerce platforms (consumer-facing apparel marketplaces).","Thread’s platform offers AI-powered, personalized styling combined with human stylist expertise to increase engagement and conversion for retailers and deliver effortless, tailored outfit recommendations for shoppers."
,"Coinbax","https://coinbax.com","https://www.crowdfundinsider.com/2025/12/256821-coinbax-announces-funding-round-to-bring-institutional-controls-to-stablecoin-payments/",,"Response","ICP is mid-market and enterprise financial institutions and fintechs — banks, credit unions, payment processors, fintech platforms, and marketplaces/treasury teams that need instant, programmable, and compliant stablecoin or tokenized-deposit payment rails while preserving control, fraud protection, and reconciliation efficiency.","finance and treasury teams and payments/product teams","financial institutions and fintechs","Coinbax provides an infrastructure-agnostic programmable escrow and real-time compliance layer that enables instant stablecoin/tokenized payments with built-in reversibility and automated reconciliation, reducing fraud risk and operating costs while preserving institutional control and compliance."
,"RheumaGen","https://rheumagen.com","https://www.citizentribune.com/news/business/rheumagen-announces-funding-agreement-with-beyond-celiac-investments-to-accelerate-treatments-towards-a-cure-in/article_f985e260-405c-574c-8016-3a478b2b074b.html",,"Response","ICP is specialty healthcare providers and organizations focused on rheumatology and autoimmune disease care, including rheumatology clinics, hospital departments, and clinical research groups seeking genetic or precision-medicine solutions for diagnosis and treatment optimization.","rheumatologists and clinical researchers","healthcare providers and biotechnology/pharmaceuticals","Provides precision, genetics-informed diagnostic and clinical decision support tailored to rheumatology, helping clinicians identify disease drivers faster and personalize treatment to improve outcomes and reduce trial-and-error prescribing."
,"NYS Insurance Fund","https://www.nysif.com","https://www.suny.edu/suny-news/press-releases/12-25/12-23-25/nysif.html",,"Response","ICP is New York-based employers (especially small to mid-sized businesses and public entities) seeking workers' compensation insurance and risk-management services to comply with state law, reduce workplace injuries, and control insurance costs.","Business owners and HR/risk-management professionals","Construction companies and healthcare providers","NYSIF provides state-backed, competitively priced workers' compensation insurance combined with strong claims management and workplace safety/loss-control services to help New York employers remain compliant, reduce injuries, and lower long-term insurance costs."
,"ABC15 Arizona","https://abc15.com","https://www.abc15.com/news/state/governor-hobbs-announces-7-5-million-to-help-snap-benefits-and-unemployment-insurance",,"Response","ICP is local Arizona residents seeking timely news and information and local businesses/advertisers needing targeted reach to Phoenix-metro audiences.","local residents/consumers and local business marketing/advertising decision-makers","local media and broadcasting and local small-to-midsize businesses (retail, services, healthcare, education, government/public sector)","For audiences: up-to-the-minute, locally relevant news, weather and traffic that keeps Arizona residents informed and safe. For advertisers: targeted access to a large, engaged Phoenix-metro audience through digital and broadcast inventory to drive awareness and local conversions."
,"Prokopiak","https://prokopiak.com","https://lowerbuckstimes.com/2025/12/19/prokopiak-secures-middletown-grants/",,"Response","ICP is small-to-medium B2B and SaaS companies (including startups and growth-stage firms) that need external marketing, brand, and demand-generation expertise to accelerate lead generation and product adoption.","Marketing leaders (CMOs, VP/Head of Marketing) and Founders/CEOs","SaaS companies and professional services","Prokopiak provides outsourced marketing and brand strategy that quickly amplifies demand and positions products for growth by combining strategic planning, content, and execution expertise tailored to growth-stage B2B companies."
,"Welsh Government","https://gov.wales","https://www.publicsectorexecutive.com/articles/welsh-government-announces-funding-boost-social-care",,"Response","ICP is public sector organisations in Wales, Welsh residents, and Wales-based businesses and third-sector organisations seeking government services, guidance, funding and policy information.","Welsh citizens and community members; public-sector professionals and local government officers; business owners and economic development leads; third-sector/charity managers and grant applicants; policy-makers and stakeholders.","public sectors (health, education, social services) and local government; small and medium enterprises and economic development; third-sector/charitable organisations and community services; infrastructure sectors (transport, housing, environment).","gov.wales centrally provides authoritative, accessible policy information, official services (applications, guidance, consultations) and practical support/resources to help citizens, public bodies, businesses and third-sector organisations understand and comply with Welsh Government policy and access funding or services."
,"EPA","https://www.epa.gov","https://www.jdsupra.com/legalnews/safer-water-ahead-epa-announces-funding-9711060/",,"Response","ICP is federal, state and local government agencies, municipal utilities and public works departments, private-sector environmental managers and facility operators, community organizations and researchers who need regulatory guidance, technical assistance, funding, and best practices to manage environmental and public-health risks.","municipal officials and utility managers, environmental compliance and sustainability managers, public health and environmental scientists/researchers, policymakers and program administrators, community advocates and planners","water utilities and wastewater management, waste and recycling services, manufacturing and industrial facilities, agriculture and food production, energy and power generation, construction and remediation services","EPA provides authoritative science-based guidance, regulatory frameworks, funding opportunities, and practical case studies/tools that help organizations reduce pollution, meet compliance requirements, protect public health, and implement sustainable practices."
,"Pillen","https://pillenco.com","https://www.norfolkneradio.com/news/pillen-announces-funding-boost-new-direction-for-business-innovation-act/article_8a48f7fe-2424-453c-840a-b51ef9fba3ee.html",,"Response","ICP is small-to-medium healthcare and pharmaceutical companies and clinical services providers seeking to improve patient engagement and medication adherence through digital tools.","Clinical leaders and pharmacists, digital health product managers and directors, commercialization and brand managers in pharma, and operations leaders in specialty pharmacies","healthcare providers and health systems, specialty pharmacy and pharmacy services, pharmaceutical and biotech companies, digital health and telemedicine platforms","Pillenco helps healthcare and pharma organizations increase medication adherence, improve patient outcomes, and streamline patient communication by delivering tailored digital engagement and medication support solutions that integrate into clinical workflows."
,"BatteryStartup","https://ample.com","https://www.inc.com/chloe-aiello/battery-startup-charging-evs-bankruptcy-ample/91280758",,"Response","ICP is medium-to-large fleet operators (ride-hailing, last-mile delivery, shuttle and taxi fleets) and automotive manufacturers (OEMs) focused on rapid electrification in urban environments, plus city/municipal transit agencies and large logistics companies that need high-uptime, fast-refuel solutions for electric vehicles.","fleet managers and fleet operators, automotive OEM partnerships and engineering leads, operations/manufacturing directors, city transportation planners, logistics managers, and driver/route supervisors","ride-hailing and mobility fleets, last-mile delivery and logistics, municipal transit and public transportation, automotive manufacturing and EV OEMs, commercial fleet services","Ample provides a modular battery-swapping platform that delivers a full EV charge in under five minutes, at lower infrastructure and energy cost than fast charging, without requiring vehicle redesign, enabling fleets and OEMs to scale electrification quickly and with minimal downtime."
,"Resolve AI","https://resolve.ai","https://techcrunch.com/2025/12/19/ex-splunk-execs-startup-resolve-ai-hits-1-billion-valuation-with-series-a/",,"Response","ICP is mid-market to enterprise engineering and product organizations (software/SaaS companies) that operate production systems and want to reduce incident resolution time and automate operational tasks.","engineering managers and directors, SREs/DevOps teams, VP/Head of Engineering and CTOs, production support and incident response leads","software and SaaS companies, technology and cloud services, online platforms/marketplaces and consumer Internet companies",
,"Lovable","https://lovable.ai","https://www.forbes.com/sites/aliciapark/2025/12/19/ai-startup-lovable-just-minted-one-of-europes-youngest-ever-self-made-billionaires/",,"Response","ICP is startups, indie founders, product teams and small-to-medium businesses (and enterprise teams) that need to rapidly build, prototype, or ship web apps and websites using AI-assisted low-code tooling.","title 1 and title 2","target 1 and target 2","Build apps and websites by chatting with AI — quickly generate prototypes or production sites from templates and low-code components, accelerating time-to-market and reducing engineering overhead."
,"Hyro","https://hyro.ai","https://news.cornell.edu/stories/2025/12/cornell-tech-studio-startup-hyro-raises-45-million-scale-voice-ai-healthcare",,"Response","ICP is large healthcare systems and enterprise organizations (especially those with high inbound call and patient/customer access volumes) seeking to deploy conversational AI to automate scheduling, intake, and self-service across voice and digital channels to reduce call center load and increase conversions.","Chief Digital Officers and Contact Center Leaders (including Heads of Patient Access/Customer Experience and VPs of Operations)","healthcare organizations and enterprise contact centers (including health systems, hospitals, insurance/payors and other large service-driven enterprises)","Hyro provides enterprise conversational AI that integrates with backend systems to automate patient/customer access and intake across voice and digital channels, reducing call volume, cutting operational costs, and improving conversion and experience."
,"Crunchbase","https://www.crunchbase.com","https://news.crunchbase.com/startups/funding-zero-to-unicorn-ai-robotics-eoy-2025/",,"Response","ICP is professionals and organizations that need timely, structured company and funding data to discover, evaluate, and monitor private and public companies — primarily investors (VCs, angel investors, private equity), corporate development and M&A teams, sales and business development teams focused on B2B tech and startups, market researchers, and startup founders/entrepreneurs seeking visibility or competitive intelligence.","venture capitalists and startup founders","technology startups and venture capital firms","Crunchbase provides a centralized, up-to-date, searchable database of companies, funding rounds, people, and news plus tools to discover prospects, monitor market signals, and perform competitive or investor due diligence — helping investors find and evaluate deals and helping sales/research teams identify and prioritize opportunities quickly."
,"Tebra","https://tebra.com","https://vator.tv/tebra-raises-250-million-udemy-merges-with-coursera-brainworks-ventures-launches-50m-fund/",,"Response","ICP is independent and small-to-medium healthcare and wellness practices (e.g., privately owned medical, dental, allied health and specialty clinics) that need an integrated practice management, patient communication, and revenue cycle solution to grow and simplify operations.","practice owners and clinic managers","healthcare practices and specialty clinics","Tebra provides an integrated practice management platform that centralizes scheduling, patient communications, billing, and marketing so clinicians and clinic managers can increase bookings and collections while reducing administrative work."
,"CuePilot AI","https://cuepilot.ai","https://www.entrepreneur.com/en-in/news-and-trends/cuepilot-ai-raises-usd-18-mn-in-pre-seed-funding/501102",,"Response","ICP is early childhood education providers (preschools, early learning centers, and small to mid-sized school networks) and their associated stakeholders — classroom teachers and educators, school leaders/management, and parents — who need to reduce administrative burden and improve planning, assessment and parent communication through an AI-enhanced, integrated learning & administration platform.","early childhood classroom teachers and educators, school leaders and management, and parents/caregivers","early childhood education providers and K–12 (specifically preschools and early learning centers)","CuePilot provides an AI-first learning and administrative ecosystem that automates planning, assessments, parent communication and routine workflows—saving teachers significant time (advertised as over 2 hours/day) while preserving educator intent by prompting thinking rather than replacing it."
,"PowerUp Money","https://powerupmoney.com","https://www.bwdisrupt.com/article/peak-xv-backs-zero-commission-advisory-powerup-money-in-series-a-funding-round-585147",,"Error processing request",,,,
,"Naxatra Labs","https://naxatralabs.com","https://www.bwdisrupt.com/article/zerodha-backed-naxatra-labs-raises-funding-to-scale-ev-motor-production-globally-585149",,"Error processing request",,,,
,"Lovable","https://www.lovable.in","https://markets.financialcontent.com/wral/article/tokenring-2026-1-1-the-end-of-saas-lovable-secures-330m-to-launch-the-software-as-a-system-era",,"Response","ICP is early-stage and growth-stage technology companies (startups and SMEs) and enterprise product teams seeking end-to-end digital product design and development support to build user-centric web and mobile applications.","Product Managers and Heads of Product, Founders and Startup CEOs, Heads of Design/UX, CTOs and Engineering Leaders, Growth/Marketing Heads","technology startups and SaaS companies, e-commerce and retail platforms, fintech and payments, healthtech and wellness platforms, enterprise B2B software",
,"Techloy","https://techloy.com","https://www.techloy.com/infographic-top-asian-startup-funding-week-1-2026/",,"Response","ICP is small-to-midsize technology startups and fast-growing digital businesses (including SaaS companies and tech product makers) seeking hands-on content, growth marketing, and product-marketing support to increase visibility, user acquisition, and thought leadership.","Founders and Co‑founders and Heads of Growth and Product Marketing Managers","Technology companies and Software/SaaS companies","Techloy positions itself as a content- and growth-focused partner that helps tech companies tell their product story, generate demand, and acquire users through targeted content, case studies, and practical growth tactics."
,"HoneyBook","https://www.honeybook.com","https://getlatka.com/blog/how-honeybook-achieved-impressive-revenue-growth-by-empowering-event-vendors/",,"Response","ICP is small, service-based businesses and creative entrepreneurs (solopreneurs and small teams) who manage client projects end-to-end — especially photographers, event professionals, venues, wedding vendors, consultants, and freelance marketers/designers.","photographers and event professionals and wedding vendors and freelance consultants and small business owners","creative services and events and marketing/consulting and professional services","HoneyBook helps client-facing small businesses book clients, manage projects, automate workflows, and get paid faster through a single integrated platform — saving time, reducing admin work, and creating a more professional client experience."
,"NCInnovation","https://ncinnovation.com","https://nsjonline.com/article/2025/12/ncinnovation-announces-funding-for-more-university-research-projects/",,"Response","ICP is North Carolina-based startups, small-to-midsize companies, entrepreneurs, and branding/marketing teams seeking to acquire a premium, brandable .com domain (NcInnovation.com) to signal innovation, credibility, and regional identity—also domain investors and corporate acquisition teams looking for strategic digital real estate.","Founders and CEOs (entrepreneurs), Marketing and Brand Leaders, Corporate Acquisition/Domain Acquisition Teams, Domain Investors and Brokers","technology startups and innovation companies, regional North Carolina businesses and economic development organizations, branding and marketing agencies, domain/reseller marketplace participants","Own a premium .com domain that communicates innovation and regional identity for North Carolina—providing immediate brand credibility and a strategic digital asset with secure, guaranteed purchase processing. The domain acts as an investment in the company’s brand future and market positioning."
,"DHS","https://www.dhs.gov","https://www.wglr.com/2025/12/31/dhs-announces-funding-to-be-used-for-various-rural-health-programs/",,"Response","ICP is federal, state, local and tribal government agencies plus critical infrastructure owners/operators (transportation, energy, healthcare, finance) and public-safety organizations that need national security, emergency management, border security, and cybersecurity coordination and resources.","emergency managers and public-safety leaders; cybersecurity and IT security leaders (CISOs, SOC directors); law enforcement and border security managers; policy makers and procurement officials","government agencies and critical infrastructure sectors (transportation, energy, healthcare, finance)","DHS delivers centralized federal leadership, actionable guidance, funding programs, technical assistance, and operational coordination to protect the homeland and improve resilience for agencies and critical infrastructure operators."
,"Gopuff","https://gopuff.com","https://www.businessinsider.com/retail-startups-raised-millions-in-2025-gopuff-stickerbox-2025-12",,"Response","ICP is urban and suburban consumers and small businesses who need immediate, last-mile delivery of everyday essentials—time-pressed individuals (e.g., young professionals, students, parents) and local small commercial customers (e.g., convenience retailers, property managers, hospitality outlets) who value speed, convenience and predictable pricing.","busy professionals and students and parents and small business operators and property/hospitality managers","convenience retail and food & beverage retail and hospitality & property management","Gopuff delivers everyday essentials quickly and reliably from local micro-fulfillment centers, saving time for consumers and reducing inventory/delivery complexity for local businesses by providing predictable, on-demand supply and delivery."
,"Dazzle","https://dazzle.com","https://techcrunch.com/2025/12/23/marissa-mayers-new-startup-dazzle-raises-8m-led-by-forerunners-kirsten-green/",,"Response","ICP is unknown due to inability to reliably access or scrape https://dazzle.com. Based on available public clues about companies named “Dazzle” and typical positioning for firms called Dazzle (digital marketing / commerce / creative agencies), a reasonable working ICP would be: mid-market and growth-stage consumer brands and B2B SaaS companies seeking to scale online revenue and improve digital customer acquisition and retention.","Marketing leaders and operators — e.g., Chief Marketing Officers and VPs/Directors of Marketing and E-commerce Managers and Digital Marketing Managers","e-commerce & retail brands and B2B SaaS and technology companies","Dazzle helps growth-oriented companies scale digital revenue and customer acquisition through creative, conversion-focused marketing and commerce solutions that combine brand storytelling with measurable performance."
,"Nvidia","https://www.nvidia.com","https://www.cnbc.com/2025/12/24/nvidia-buying-ai-chip-startup-groq-for-about-20-billion-biggest-deal.html",,"Response","ICP is enterprise and research organizations (large enterprises, cloud providers, data centers, and research institutions) and software/hardware developers/startups that require high-performance accelerated compute, AI/ML infrastructure, and visualization/digital-twin platforms to build, train, and deploy GPU-accelerated workloads.","CTOs and CIOs, ML engineers and data scientists, IT infrastructure and SRE managers, product and engineering leaders, and GPU-accelerated application developers (including simulation/visualization engineers).","Automotive and manufacturing, Healthcare and life sciences, Telecommunications and finance, Media & entertainment and gaming, Energy and utilities, Retail and logistics","NVIDIA provides end-to-end GPU-accelerated hardware (GPUs, DGX systems), software platforms (CUDA, NVIDIA AI Enterprise, TensorRT, Omniverse) and ecosystem integrations that dramatically speed model training and inference, enable real-time simulation/visualization and digital twins, and scale AI/ HPC workloads — letting technical teams build, deploy, and operate advanced AI and high-performance computing solutions faster and more efficiently."
,"Erebor","https://erebor.com","https://www.theblock.co/post/383533/banking-startup-erebor-350-million-4-billion-valuation-fdic-approval-axios",,"Response","Unable to determine from site crawl","N/A","N/A","N/A"
,"Radiant","https://www.radiant.com","https://neutronbytes.com/2025/12/21/radiants-spectacular-day-nuclear-startup-raises-over-300-million/",,"Response","ICP is unclear from the public radiant.com homepage; likely small-to-midsize business owners and operators of consumer-facing service businesses (e.g., express car washes and franchised service locations) who need operational support and business services.","business owners and operations managers (owners/operators of service locations) and possibly franchise executives and finance managers","service-based consumer businesses and automotive/service franchises (e.g., car wash businesses)","Radiant appears to position itself as a corporate group providing operational, business and support services to consumer-facing service franchises — helping owners/operators streamline operations and grow their businesses."
,"Ambassador","https://www.ambassador.com","https://www.geekwire.com/2025/seattle-startup-ambassador-raises-7m-to-help-companies-analyze-customer-feedback-with-help-from-ai/",,"Response","ICP is marketing, growth, and partnership teams at mid-market to enterprise B2C and B2B companies that run customer referral, ambassador, affiliate, and partner programs—especially e-commerce, subscription/SaaS, retail, fintech, and travel brands looking to scale word-of-mouth and partner-driven revenue.","Marketing leaders and managers (CMOs, VPs/Directors of Marketing, Growth Managers), Partnership and Channel leaders (Head/Director of Partnerships, Affiliate/Channel Managers), and Customer Success/CRM leaders who run lifecycle and advocacy programs.","e-commerce and retail, SaaS and subscription services, fintech and financial services, travel and hospitality, and consumer packaged goods (CPG) and health/wellness sectors.","Ambassador provides a unified, scalable platform to automate referral, affiliate, and partner programs—helping growth/marketing and partnerships teams acquire customers more efficiently by turning existing customers and partners into measurable revenue channels with deep tracking and integrations."
,"Medigate","https://www.medigate.io","https://www.calcalistech.com/ctechnews/article/bjoj1121411x",,"Response","ICP is healthcare providers, hospital systems, and organizations operating critical cyber-physical systems (including pharmaceutical manufacturers, port/transportation authorities, and other critical infrastructure operators) that need enterprise-grade OT/IoT/medical device security and compliance.","CISOs and security leadership, security operations/incident response teams, OT/ICS and network security engineers/architects, compliance/risk officers and biomedical/clinical engineering leaders (for healthcare).","healthcare organizations and hospital systems, pharmaceutical and life sciences manufacturers, critical infrastructure and transportation/ports, and industrial/OT environments.","Provides comprehensive, real-time visibility and continuous threat detection for medical devices, OT/ICS and enterprise IoT to reduce operational risk, accelerate incident response, and ensure compliance—protecting critical clinical and industrial operations."
,"Meta","https://about.meta.com","https://www.wsj.com/tech/ai/meta-buys-ai-startup-manus-adding-millions-of-paying-users-f1dc7ef8",,"Response","ICP is businesses and organizations that want to reach, engage, and convert large consumer audiences using Meta's platforms and technologies — primarily marketers, advertisers, app developers, e‑commerce businesses, media and entertainment companies, and creators looking to build audience and immersive experiences.","marketing and advertising leaders, performance and growth marketers, e‑commerce managers and CMOs, product and app developers, creative and content leads, and XR/AR developers and designers","advertising and marketing and ecommerce and retail and media & entertainment and gaming and technology","Meta provides a unified set of platforms, advertising and measurement tools, commerce integrations, and immersive technologies that let organizations find, engage, measure, and scale audiences and experiences across social and emerging XR channels. It promises reach, targeting, platform-native creative formats, commerce connections and developer tools to drive growth and richer customer experiences."
,"Cyphlens","https://cyphlens.com","https://www.thesaasnews.com/news/cyphlens-raises-3-8-million-seed-round",,"Response","ICP is mid-to-large enterprises and government agencies (including DoD-level and Fortune-scale organizations) that handle highly sensitive data and need persistent, identity-bound, auditable control over who can view and interact with content across channels.","Security teams and security leaders and IT/admin teams and Compliance officers and Legal and HR and Executive teams","Financial services and Healthcare and Legal services and Government and Enterprise technology and Human resources/internal operations","Cyphlens delivers passwordless, low-friction, device-bound visual decryption (Lenscryption) that enforces persistent, revocable, auditable access controls over files and messages across email, Slack, Teams, cloud storage and third parties — protecting sensitive data in-view without breaking workflows."
,"Dazzle AI","https://dazzle.ai","https://www.thesaasnews.com/news/dazzle-ai-raises-8-million-seed-round",,"Response","ICP is early-adopter product and engineering teams and knowledge-work organizations that want to integrate accessible generative AI into workflows — specifically small-to-mid enterprise product leaders, technical founders, and advanced knowledge workers who need tooling to bridge the gap between AI capabilities and practical use.","product leaders and engineering/AI practitioners (product managers, technical founders, ML/AI engineers) and knowledge workers (marketers, designers, customer-success managers)","technology companies and knowledge-work industries (e.g., SaaS/enterprise software and digital marketing/design services)","Dazzle positions itself as a tool that 'closes the gap between what people want and what they can do with AI' — enabling teams and knowledge workers to more easily apply generative AI in practical product and workflow contexts."
,"Prance","https://prance.ai","https://www.thesaasnews.com/news/prance-raises-seed-funding-round",,"Response","ICP is AI-first mid-market to enterprise product and engineering teams at technology-enabled companies who need to integrate advanced generative AI/NLP features into their products or internal workflows quickly and reliably, and who require a production-ready, modular, and privacy-conscious LLM orchestration layer rather than building and maintaining bespoke model orchestration in-house.","Product managers and product leaders and Engineering leads/CTOs and ML/AI engineers and DevOps/SRE teams","SaaS and Enterprise Software and Fintech and Healthcare and E-commerce and Media/Information Services",
,"Prosperr.io","https://prosperr.io","https://www.thesaasnews.com/news/prosperr-io-raises-4-million-seed-round",,"Response","ICP is salaried individuals and enterprises (employers/HR & finance teams) seeking tax compliance, tax planning, payroll tax automation, and employee financial wellness solutions.","title 1 and title 2","target 1 and target 2","Prosperr.io provides an AI-enabled tax and payroll platform that simplifies income tax planning, compliance, and filing for individuals while offering subscription-based tax infrastructure and employee financial wellness/payroll tax automation for enterprises to reduce liability, save money, and improve employee retention."
,"Repsense","https://repsense.com","https://www.thesaasnews.com/news/repsense-secures-2-million-seed-round",,"Response","ICP is small-to-midsize companies, startups, and marketing/branding agencies looking for a short, brandable .com name (and quick brand identity) to launch or rebrand products/services—particularly teams focused on marketing, PR, reputation, or customer insights.","marketing managers and brand managers; startup founders and product managers; creative agency owners and designers; PR/communications leads","marketing & advertising and creative agencies; SaaS/technology and startups; professional services (PR/consulting) and e‑commerce/retail","Provides a short, memorable .com brand name with included logo/source files and purchase protections so marketing teams and agencies can rapidly adopt a credible, ready-to-use identity for reputation, insights, or marketing-focused products."
,"Zinit","https://zinit.io","https://www.thesaasnews.com/news/zinit-closes-8-million-seed-round",,"Response","ICP is mid-market to enterprise procurement and sourcing teams at companies that run significant indirect and direct spend and need to automate and scale supplier discovery, RFP/tendering and reduce sourcing cycle time and costs.","Procurement Managers and Category Managers; Heads of Procurement / Chief Procurement Officers and Supply Chain Leaders","Manufacturing and Industrials; Technology and Software; Retail and Consumer Goods; Healthcare and Life Sciences; Professional Services","Zinit provides an AI-powered procurement/sourcing platform that automates RFP creation and tendering, discovers and verifies suppliers, speeds sourcing cycles, and reduces indirect spend by double-digit percentages—enabling procurement teams to save time and drive cost savings."
,"Nodu","https://nodu.io","https://www.thesaasnews.com/news/nodu-raises-1-45-million-pre-seed-funding",,"Response","ICP is individual developers, technical founders, and small startup teams seeking hands-on engineering expertise and technical content — especially those building web applications, AI integrations, or hardware/IoT projects.","developers and engineering teams; technical founders and startup builders","software startups and web development; AI/ML and tooling; hardware/IoT and maker projects","Provides practical, code-first solutions, project examples, and engineering guidance that help developers and small technical teams build, integrate, and ship web, AI, and IoT projects quickly. The site demonstrates hands-on implementations and reusable patterns that readers can adapt for their own products."
,"Newera.ai","https://newera.ai","https://www.thesaasnews.com/news/newera-ai-raises-2-1-million-in-funding",,"Response","ICP is government agencies and enterprise teams (particularly IT, security, product and HR groups) that need to move AI projects from proof-of-concept to production quickly and securely, including organizations operating in Arabic and English contexts.","CTOs and Heads of AI/ML; CISOs and Security/ GRC leaders; VP/Directors of Product and Engineering; HR Directors and People Ops leaders; Enterprise Program/Product Managers.","Government agencies and public sector organizations; Enterprise organizations across industries with emphasis on cybersecurity/GRC and HR functions (enterprises plural).","They deliver production-ready, custom AI systems in weeks (1–4 weeks for MVP), trained on customers’ real data and integrated into workflows with enterprise-grade security and private deployments, with bilingual (Arabic/English) support and a co-development approach to accelerate PoC-to-production."
,"Lovable","https://lovable.in","https://markets.financialcontent.com/wral/article/tokenring-2026-1-1-the-end-of-saas-lovable-secures-330m-to-launch-the-software-as-a-system-era",,"Response","ICP is early-stage to growth-stage startups and small-to-medium enterprises (SMEs) that need end-to-end brand, product and digital experience design to accelerate user acquisition and retention—typically companies without large in-house design/marketing teams looking for an external partner to build brand identity, product UX/UI and conversion-focused digital campaigns.","founders and product managers and marketing leaders and design leads","consumer technology companies and direct-to-consumer brands and SaaS businesses and healthcare/education tech providers","Lovable.in positions itself as a full-service creative and product design partner that rapidly creates high-impact brand identities, user-centered product experiences, and performance-driven marketing assets to help growing companies acquire and retain users. They combine strategic branding, UX/UI design, and campaign execution so lean teams can launch and scale faster."
,"Ambassador","https://ambassador.com","https://www.geekwire.com/2025/seattle-startup-ambassador-raises-7m-to-help-companies-analyze-customer-feedback-with-help-from-ai/",,"Response","ICP is mid-market and enterprise companies (B2B SaaS and B2C/e-commerce brands) that rely on repeat customer acquisition, partner/affiliate/referral channels, and need scalable, trackable referral and partner programs to drive revenue growth.","marketing leaders (VP/Head of Marketing, Growth Managers), partnership leaders (Head of Partnerships, Affiliate/Channel Managers), and customer success/CRM leads (Customer Success Directors, Loyalty Managers)","SaaS companies and e-commerce/retail brands (also fintech, travel/hospitality, and consumer services using partner/referral channels)","Ambassador provides an enterprise-grade platform to acquire new customers by turning existing customers, partners, and influencers into trackable, scalable referral and partner channels—centralizing program management, tracking, and payouts to increase acquisition velocity and ROI."
,"Cyphlens","https://www.cyphlens.com","https://www.thesaasnews.com/news/cyphlens-raises-3-8-million-seed-round",,"Response","ICP is mid-to-large enterprises and government organizations that handle highly sensitive human-readable data and need persistent, audit-able, low-friction visual access controls — specifically security, compliance, and IT teams at financial services firms, healthcare providers, legal firms, HR/internal ops, executive/board offices, and defense contractors.","Security leaders and teams, Compliance officers and privacy teams, IT/Admins/SREs, Executives and board members, Client-facing professionals (finance advisors, legal counsel, healthcare practitioners), HR and internal ops managers.","Finances, Healthcares, Legals, Human Resources & Internal Operations, Government & Defense, Enterprise Technology (SaaS/large enterprises).","Cyphlens lets authorized humans view and interact with sensitive information while it remains encrypted everywhere else — delivering frictionless, lens-based MFA and persistent file-level controls (revocation, time-bound access, auditability) to stop human-targeted breaches and AI/data scraping without disrupting workflows."
,"Zinit","https://zinit.com","https://www.thesaasnews.com/news/zinit-closes-8-million-seed-round",,"Response","ICP is procurement and sourcing teams (and their leaders) at mid-market to large enterprises seeking to digitize and optimize indirect/spend management and strategic sourcing processes.","Procurement Directors and Chief Procurement Officers (CPOs) and Category/Strategic Sourcing Managers and Sourcing/Procurement Analysts","telecommunications, mining, retail, (and broader industrials and enterprise services)","Zinit is an AI-driven procurement platform that automates and streamlines RFPs and strategic sourcing to increase transparency, reduce cycle time, and deliver double-digit savings (e.g., ~12–15%+ on indirect spend) for enterprise procurement teams."